Prod_name,Prod_image,Prod_applications,Prod_feature
EXOTICAL CENTRE TABLE,http://www.wipltd.in/furniture/55EXOTICAL%20CENTRE%20TABLE.jpg
CENTRE TABLE -D-SERIES,http://www.wipltd.in/furniture/54CENTRE%20TABLE%20-D-SERIES.jpg
CENTRE TABLE DINA,http://www.wipltd.in/furniture/53CENTRE%20TABLE%20DINA.jpg
SOFA-SET-D-SERIES-TYPE I,http://www.wipltd.in/furniture/51SOFA-SET-D-SERIES-TYPE%20I.jpg
SOFA SET D SERIES TYPE 2,http://www.wipltd.in/furniture/50SOFA%20SET%20D%20SERIES%20TYPE%202.jpg
EXCLUSIVE SOFA SET,http://www.wipltd.in/furniture/49EXCLUSIVE%20SOFA%20SET.jpg
CLASSIC SOFA,http://www.wipltd.in/furniture/48CLASSIC%20SOFA.jpg
SHOE RACK D SERIES,http://www.wipltd.in/furniture/47SHOE%20RACK%20D%20SERIES.jpg
SECURITY ROOM - 8 X 4 SIZE,http://www.wipltd.in/furniture/46SECURITY%20ROOM%20-%208%20X%204%20SIZE.jpg
SECURITY CABIN - 4 X 4 SIZE,http://www.wipltd.in/furniture/45SECURITY%20CABIN%20-%204%20X%204%20SIZE.JPG
DRESSING TABLER - D - SERIES - 1ST TYPE,http://www.wipltd.in/furniture/44DRESSING%20TABLER%20-%20D%20-%20SERIES%20-%201ST%20TYPE.jpg
DRESSING TABLE & STOOL D-SERIES IInd TYPE,http://www.wipltd.in/furniture/43DRESSING%20TABLE%20&%20STOOL%20D-SERIES%20IInd%20TYPE.jpg
ARISTO DRESSING TABLE,http://www.wipltd.in/furniture/42ARISTO%20DRESSING%20TABLE.jpg
TEAK DECK  DINING TABLE,http://www.wipltd.in/furniture/41TEAK%20DECK%20%20DINING%20TABLE.JPG
C & B DINING TABLE,http://www.wipltd.in/furniture/40C%20&%20B%20DINING%20TABLE.jpg
ARISTO DINING TABLE,http://www.wipltd.in/furniture/39ARISTO%20DINING%20TABLE.jpg
WADROBE TEAK DECK,http://www.wipltd.in/furniture/38WADROBE%20TEAK%20DECK.jpg
WADROBE - IIND TYPE,http://www.wipltd.in/furniture/37WADROBE%20-%20IIND%20TYPE.JPG
D - SERIES DINING CHAIR,http://www.wipltd.in/furniture/36D%20-%20SERIES%20DINING%20CHAIR.jpg
A.T. CHAIR,http://www.wipltd.in/furniture/35A.T.%20CHAIR.jpg
WINDSOR CHAIR,http://www.wipltd.in/furniture/34WINDSOR%20CHAIR.jpg
WINDSOR CHAIR TYPE II,http://www.wipltd.in/furniture/33WINDSOR%20CHAIR%20TYPE%20II.jpg
ROCKING CHAIR,http://www.wipltd.in/furniture/32ROCKING%20CHAIR.jpg
RECLIING CHAIR,http://www.wipltd.in/furniture/31RECLIING%20CHAIR.jpg
LOW CHAIR D -SERIES,http://www.wipltd.in/furniture/30LOW%20CHAIR%20D%20-SERIES.jpg
JUPITER CHAIR,http://www.wipltd.in/furniture/29JUPITER%20CHAIR.JPG
HIGHBACK CHAIR,http://www.wipltd.in/furniture/28HIGHBACK%20CHAIR.jpg
HIGHBACK CHAIR WITH ARMS,http://www.wipltd.in/furniture/27HIGHBACK%20CHAIR%20WITH%20ARMS.jpg
HIGHBACK CHAIR COMPREG,http://www.wipltd.in/furniture/26HIGHBACK%20CHAIR%20COMPREG.jpg
DANISH CHAIR,http://www.wipltd.in/furniture/25DANISH%20CHAIR.jpg
D-SERIES DINING CHAIR TYPE 2,http://www.wipltd.in/furniture/20D-%20SERIES%20DINING%20CHAIR%20-%20TYPE%20-%202.jpg
